filename,height,width,top_left_lat,top_left_lon,bottom_right_lat,bottom_right_lon
equad.gif,949,1440,37.430638,-122.176173,37.426803,-122.168855
campus.gif,750,1160,37.432565,-122.180000,37.421642,-122.158724
oval.gif,1,1,37.432543,-122.170674,37.429054,-122.167716
zoomed_oval.gif,1,1,37.431282,-122.170513,37.429127,-122.168238